"","short","long","vartest","ttest","stockcode"
"2645",15,25,0.552557203262321,2.57528759909907e-05,"600000.ss"
"3717",21,32,0.183640598937793,0.0102278412268226,"600004.ss"
"2091",12,17,3.36830168792833e-10,0.0253169110986006,"600005.ss"
"3725",21,40,0.920144130264404,0.000445477346756739,"600006.ss"
"5250",30,35,0.280108079211861,5.76450054332155e-09,"600007.ss"
"5083",29,34,0.0156845293305825,0.000884712681670968,"600008.ss"
"5333",30,118,0.948019725265886,0.00140024883042839,"600009.ss"
"52501",30,35,0.00896487482185707,0.000777778715338455,"600010.ss"
"3886",22,27,0.892826254075166,0.00115378095818817,"600011.ss"
"5344",30,129,0.00259138899886708,0.000264747130744463,"600012.ss"
"3711",21,26,0.0282859707424277,4.83254829227049e-05,"600015.ss"
"4063",23,31,0.0202184373203902,0.0033839685667975,"600016.ss"
"1350",8,18,0.112035080916725,0.000337634024417316,"600017.ss"
"774",4,200,1.02117525546674e-08,9.8702787920077e-07,"600018.ss"
"196",2,7,0.999178611794526,0.0055341044960025,"600019.ss"
"4915",28,33,8.89354325644285e-05,0.000245379024257861,"600020.ss"
"5251",30,36,0.496099386244174,0.0063471692606912,"600021.ss"
"848",5,83,0.115033325053131,0.00308533795345779,"600022.ss"
"3012",17,33,0.0301137267390955,1.55600423693292e-05,"600023.ss"
"883",5,118,0.35471269998812,0.000107622325509278,"600026.ss"
"3714",21,29,7.2012752938555e-07,0.00546830286792067,"600027.ss"
"20911",12,17,0.000859868660167518,0.000164010102817719,"600028.ss"
"120",1,125,2.54665654510928e-06,0.00298138052949405,"600029.ss"
"5286",30,71,6.61375104553142e-12,1.14568962564088e-07,"600030.ss"
"50831",29,34,0.0129327650904296,0.0121646375798327,"600031.ss"
"5266",30,51,0.00170444970490818,0.00147154398330476,"600033.ss"
"2639",14,200,0.00789845493455763,0.000492574329608867,"600035.ss"
"3186",18,29,0.6250956552025,0.000293949825132778,"600036.ss"
"49151",28,33,0.000114379179735356,0.0755652507431267,"600037.ss"
"52502",30,35,0.00487645567558324,3.22308914749177e-06,"600038.ss"
"574",3,192,0.871329676630094,8.5665131418904e-05,"600039.ss"
"4060",23,28,3.21206676298965e-15,0.000288362334923222,"600048.ss"
"3180",18,23,0.441600100349645,0.0811295923284644,"600050.ss"
"775",5,10,0.465351187873896,0.00560409323456808,"600051.ss"
"40631",23,31,0.000317613688403035,0.00894730755246385,"600052.ss"
"1345",8,13,3.95239396766556e-14,1.61042007912057e-05,"600053.ss"
"38861",22,27,0.204652879188273,0.000205702849516564,"600054.ss"
"5339",30,124,0.0108779338224591,0.0285617492643176,"600055.ss"
"40601",23,28,1.3248302010993e-08,2.14357342705704e-06,"600056.ss"
"4836",27,122,0.000346370176300034,6.99475430087933e-06,"600057.ss"
"4233",24,29,0.0292440183912916,1.35206952283724e-06,"600058.ss"
"57",1,62,0.986135253344542,2.59233342013116e-05,"600059.ss"
"64",1,69,0.761549856877207,0.000852140892375366,"600060.ss"
"5347",30,132,0.137802322721737,4.42639101920208e-05,"600061.ss"
"776",5,11,0.200627428855115,0.0014789703919945,"600062.ss"
"5332",30,117,0.0513490694512017,0.00424530682275328,"600063.ss"
"7751",5,10,0.000177174281157823,0.00208572476211411,"600064.ss"
"3536",20,26,0.107767949515346,0.0343236062026838,"600066.ss"
"52503",30,35,0.804840853101224,0.00139717540088284,"600067.ss"
"20912",12,17,0.51603928512188,0.000718362671674577,"600068.ss"
"12",1,17,0.612567632000045,5.06598765826548e-06,"600069.ss"
"5249",29,200,6.39667124298535e-05,0.00224353216076082,"600070.ss"
"53",1,6,2.51115036608869e-08,0.000986474222978124,"600071.ss"
"1906",11,16,0.0750366776108937,0.0020071893973876,"600072.ss"
"5351",30,136,0.968486811545457,0.000298566049810749,"600073.ss"
"5415",30,200,0.18210902190196,0.031427614549217,"600074.ss"
"49152",28,33,0.0367225735089446,0.0106710769208813,"600075.ss"
"4745",26,200,7.35215410254739e-07,2.24521953530711e-05,"600076.ss"
"1905",10,200,0.144734106723236,3.11255365765766e-06,"600077.ss"
"54151",30,200,0.720420431185947,1.41896106622741e-06,"600078.ss"
"54152",30,200,0.00321416948674663,0.00018408442824667,"600079.ss"
"4747",27,33,1.87760126393117e-05,6.78070399522393e-06,"600080.ss"
"881",5,116,0.00011549371260959,2.43950766750733e-09,"600081.ss"
"52504",30,35,0.0253466238580948,0.0268540274986936,"600082.ss"
"1607",9,88,9.63045470874537e-08,3.12816287479381e-06,"600083.ss"
"5265",30,50,4.03728933997227e-10,0.00708044825518016,"600084.ss"
"5271",30,56,0.0427955934830945,0.000860755130822703,"600085.ss"
"588",4,14,0.0239272397866861,0.00401188736881947,"600086.ss"
"4916",28,34,0.0857982677354726,3.05208762538132e-06,"600088.ss"
"3001",17,22,8.88178419700125e-16,0.0218683993430588,"600089.ss"
"3995",22,136,0.00116705953719832,1.07209294956591e-05,"600090.ss"
"54153",30,200,0.0164487268854597,2.66746536777331e-06,"600091.ss"
"49153",28,33,4.05455088118567e-08,0.000241043338619259,"600093.ss"
"54154",30,200,0.143120491058658,0.00921278322307266,"600094.ss"
"54155",30,200,3.0902422816858e-12,0.000119871374983468,"600095.ss"
"2",1,7,6.23591060669187e-29,0.00242580040262496,"600096.ss"
"54156",30,200,0.24068471495683,1.05308351716723e-06,"600097.ss"
"42331",24,29,0.185043755177074,9.92393045385924e-06,"600098.ss"
"1911",11,21,0.000183119043564191,1.12854333186269e-07,"600099.ss"
"3534",19,200,0.00144092823283741,0.000921890681226776,"600100.ss"
"3000",16,200,0.000113239238641134,8.57165404434248e-07,"600101.ss"
"47451",26,200,5.82923035185532e-12,5.52599766907254e-09,"600103.ss"
"3087",17,108,0.45696555786055,7.57670731897374e-11,"600104.ss"
"876",5,111,3.41797521549812e-05,0.000210948088838343,"600105.ss"
"4746",27,32,0.745883030863202,2.29136667697588e-09,"600106.ss"
"52511",30,36,0.806781499504302,0.000116921619853441,"600107.ss"
"3709",20,199,3.90169525190007e-05,0.00109620850507612,"600108.ss"
"49154",28,33,9.38483291232833e-13,0.00238912862305854,"600109.ss"
"7761",5,11,0.0748937686525383,0.00288690259242646,"600110.ss"
"3358",19,24,1.23907579982936e-16,0.0610057608515915,"600111.ss"
"2458",14,19,0.117044775422998,0.00474997527243347,"600112.ss"
"54157",30,200,3.67938387198554e-05,0.000151499363417158,"600113.ss"
"2062",11,172,0.394849563701932,1.72810213797267e-08,"600114.ss"
"4405",25,30,8.21698979119694e-15,3.0728318866859e-05,"600115.ss"
"13451",8,13,0.092617807559299,0.0101381011376589,"600116.ss"
"20913",12,17,0.739480929413814,0.00370686179605951,"600117.ss"
"52505",30,35,0.986660517533068,8.39289878522913e-07,"600118.ss"
"1344",7,200,0.0011271646674434,2.69449438328738e-06,"600119.ss"
"21",1,7,0.00360954633426915,0.000167177579392777,"600120.ss"
"1156",7,12,0.590074180030867,0.0150285533486525,"600121.ss"
"5356",30,141,0.149607381832598,2.60972316855224e-07,"600122.ss"
"1157",7,13,0.0571785382779584,1.22489725569569e-05,"600123.ss"
"40602",23,28,0.000311476177349945,1.07814968899537e-09,"600125.ss"
"1098",6,143,0.526385499777661,5.97351773362651e-05,"600126.ss"
"19051",10,200,0.000463630994744516,1.28665724565079e-05,"600127.ss"
"52506",30,35,0.0313353371212193,0.00529419699179821,"600128.ss"
"4483",25,108,2.37767208929724e-11,0.00441584361487952,"600129.ss"
"2276",13,19,0.000930225352719778,0.00137210350068396,"600130.ss"
"4749",27,35,0.0578659893838651,3.5199317683634e-10,"600131.ss"
"5357",30,142,1.789444882494e-05,6.35818986414278e-05,"600132.ss"
"50832",29,34,0.0758563648095099,8.9968365093599e-08,"600133.ss"
"44051",25,30,0.017860666562014,8.63213801856406e-06,"600135.ss"
"1720",10,15,0.00276363438758631,0.101231241548467,"600136.ss"
"5305",30,90,0.620034092706488,3.79438164340171e-07,"600137.ss"
"5282",30,67,0.436080364619902,0.00345077930117683,"600138.ss"
"2283",13,26,0.0763815851836666,0.00187009511833453,"600139.ss"
"35341",19,200,0.368798865135223,0.0043379603577349,"600141.ss"
"24581",14,19,0.668614647925458,0.00018026347860666,"600143.ss"
"5267",30,52,0.553859518426456,0.00600293525611114,"600145.ss"
"5294",30,79,0.27768888420612,5.83995673957349e-06,"600146.ss"
"3902",22,43,0.910442053904249,8.0804120251901e-06,"600148.ss"
"4068",23,36,0.43449715339415,7.13739307573329e-08,"600149.ss"
"2915",16,115,0.73012126773141,8.40737884741616e-08,"600150.ss"
"4034",22,175,0.340570982871108,4.32951300382598e-06,"600151.ss"
"965",5,200,0.000684484051112932,0.0370255319328651,"600152.ss"
"5283",30,68,2.02666453706851e-07,8.79334980386318e-06,"600153.ss"
"5260",30,45,0.00612375101911981,5.65882236749044e-05,"600155.ss"
"4415",25,40,0.213338908753892,2.08837511005674e-08,"600156.ss"
"8",1,13,0.0689695874653492,0.0115159732448383,"600157.ss"
"50833",29,34,0.00967854372987608,0.00036897334222501,"600158.ss"
"4237",24,33,0.405275810760688,0.000455283032905444,"600159.ss"
"49155",28,33,0.00103360434131157,7.06814770343484e-06,"600160.ss"
"5284",30,69,1.0146529181226e-06,0.000414585392980346,"600161.ss"
"52821",30,67,0.079602101060555,0.000103053365570685,"600162.ss"
"4918",28,36,0.000322435359963125,5.91717885105363e-05,"600163.ss"
"4109",23,77,0.144814449155145,5.7270671022007e-10,"600165.ss"
"397",3,15,0.0457829783631076,7.09427245975994e-05,"600166.ss"
"2275",13,18,0.000930172715230806,0.03634500013292,"600167.ss"
"47471",27,33,0.698424950015181,2.93562551321545e-05,"600168.ss"
"54158",30,200,0.238530866861188,0.00723328234529594,"600169.ss"
"40603",23,28,0.861667855677426,0.00221241477714835,"600170.ss"
"4676",26,131,0.0276912924482625,0.00025563763270973,"600171.ss"
"1657",9,138,0.125219077364698,1.69237872823356e-06,"600172.ss"
"144",1,6,5.889981523143e-06,1.24690719719668e-06,"600173.ss"
"5352",30,137,1.57371131013127e-08,0.112079248255543,"600175.ss"
"11561",7,12,0.00077997515540007,0.000695148005865527,"600176.ss"
"24582",14,19,0.00152730304974602,1.66770327801688e-08,"600177.ss"
"7741",4,200,4.34870646210136e-05,3.4946283152946e-06,"600178.ss"
"47461",27,32,7.00753644446511e-06,4.12388068747404e-09,"600179.ss"
"150",1,6,1.48577563597247e-07,0.0023581424582484,"600180.ss"
"2642",15,22,0.000204532565893059,2.6384163653373e-06,"600182.ss"
"49156",28,33,2.54942733590724e-11,2.44416364917816e-06,"600183.ss"
"4754",27,40,0.164037697878576,0.00314140582548562,"600184.ss"
"47462",27,32,6.03341422091542e-11,0.000183361698807157,"600185.ss"
"54159",30,200,0.0471362593298164,0.000141192960958265,"600186.ss"
"33581",19,24,0.32316693820569,2.24747976121544e-05,"600187.ss"
"3454",19,120,2.01552299932852e-15,0.000467205210579072,"600188.ss"
"52507",30,35,0.484936638079347,0.000267276175736977,"600189.ss"
"1529",8,197,0.304968859976694,9.174731427078e-11,"600190.ss"
"13",1,18,0.0181025764383722,0.000335079600945978,"600191.ss"
"49157",28,33,0.735595576841765,0.00124957630405794,"600192.ss"
"50834",29,34,5.14705139265816e-09,7.31653601813865e-07,"600193.ss"
"19061",11,16,0.00504779677592548,1.72835483574783e-05,"600195.ss"
"625",4,51,0.767478542799998,0.000113808626889578,"600196.ss"
"42332",24,29,0.243977248467757,1.11811613261064e-07,"600197.ss"
"4576",26,31,6.77810687953204e-12,6.95447562210517e-05,"600198.ss"
"20914",12,17,3.63443026409412e-05,0.000542273563694046,"600199.ss"
"5369",30,154,0.35196634198163,0.000306091215750433,"600200.ss"
"1727",10,22,0.0140871598206487,0.000420057092169795,"600201.ss"
"1773",10,68,0.0113054183247765,0.00100250335145749,"600202.ss"
"22",1,7,5.30917679823452e-07,0.000151334989369909,"600203.ss"
"47463",27,32,0.00295146666434548,0.00173780342539419,"600206.ss"
"173",1,6,0.0059319210981144,0.000157418484361341,"600207.ss"
"5364",30,149,0.0534705991572293,1.65794377941247e-10,"600208.ss"
"131",1,18,0.679090860947162,7.82719935218641e-10,"600209.ss"
"52508",30,35,0.000402730407340789,0.015157753265246,"600210.ss"
"5311",30,96,0.138048958839859,0.036337039842979,"600211.ss"
"206",2,17,0.108954354052471,0.00315752328767841,"600212.ss"
"50835",29,34,0.00256635996779608,0.0132394552108444,"600213.ss"
"52509",30,35,0.0211334136559054,0.00218473874427913,"600215.ss"
"49158",28,33,0.936921384032925,1.96108995924689e-05,"600216.ss"
"182",1,6,1.66444557929219e-21,3.44462953965009e-05,"600217.ss"
"1501",1,155,0.136146950728289,1.03537692927452e-05,"600218.ss"
"5334",30,119,0.684259832617212,0.00277512118970979,"600219.ss"
"50836",29,34,0.0184340882433085,1.08655180973863e-08,"600220.ss"
"22751",13,18,0.187364638636174,0.00026040335943033,"600221.ss"
"541510",30,200,0.0302867871684815,2.52590571247743e-06,"600222.ss"
"45761",26,31,0.0848747148771154,0.00219585271519534,"600223.ss"
"4354",24,150,3.36422481324156e-07,1.21271568095953e-05,"600225.ss"
"4628",26,83,3.26385539928253e-07,2.26148108607737e-11,"600226.ss"
"13452",8,13,0.371780722292251,0.00217137544973708,"600227.ss"
"192",1,6,5.46846291898671e-09,3.45819660821476e-05,"600228.ss"
"2021",11,131,0.000759633305097987,4.62070170623302e-06,"600229.ss"
"47464",27,32,0.936606563082605,8.20461330517155e-06,"600230.ss"
"45762",26,31,0.177379107757701,4.01470151466634e-05,"600231.ss"
"11562",7,12,0.663272365642242,0.00334787836202637,"600232.ss"
"3862",21,177,0.000792613618779908,0.00594584703883224,"600233.ss"
"198",1,6,0.000130951198341775,3.80338186956694e-05,"600234.ss"
"525010",30,35,0.20175947870287,2.95878075443999e-05,"600235.ss"
"47465",27,32,0.162287634432488,0.0361651955247587,"600236.ss"
"742",4,168,0.137535536037195,1.52955263442356e-05,"600237.ss"
"5",1,10,0.0105679878296138,0.00741185260968469,"600238.ss"
"3716",21,31,1.71844296570356e-08,0.00012154821779983,"600239.ss"
"1533",9,14,0.00266833127209818,0.13104583681966,"600240.ss"
"522",3,140,0.000382748349595049,3.86598103889112e-07,"600241.ss"
"2061",1,6,0.22598187116253,4.18120203045804e-05,"600242.ss"
"4134",23,102,9.03941330900024e-06,0.000530549570492573,"600243.ss"
"4811",27,97,0.194894875436018,0.000120449269649879,"600246.ss"
"23",1,7,0.00419461241477441,1.557908002357e-06,"600247.ss"
"44052",25,30,0.00729384166170873,1.73406633530497e-07,"600248.ss"
"47466",27,32,0.0116176426564194,0.00373117773490804,"600249.ss"
"3151",17,172,8.1062802826606e-09,3.96927203003783e-10,"600250.ss"
"392",3,10,0.96320465066746,2.24465115838974e-05,"600251.ss"
"47491",27,35,0.00603392749897802,0.000474938738728965,"600252.ss"
"541511",30,200,4.58386997130393e-06,0.0513594334636221,"600255.ss"
"1019",6,64,0.75963920775795,0.015012245520097,"600256.ss"
"4002",22,143,0.0217340869412249,0.0022040930827568,"600257.ss"
"5380",30,165,0.796410512121113,0.00082355371844059,"600258.ss"
"11563",7,12,0.0218214389171933,5.31572908249949e-07,"600259.ss"
"49159",28,33,0.0126564650031744,0.00445857510539776,"600260.ss"
"541512",30,200,0.173700921068794,6.64684829854489e-05,"600261.ss"
"525011",30,35,0.482571640162625,0.00891363689401826,"600262.ss"
"5261",30,46,0.599487583852281,9.06182475186586e-05,"600265.ss"
"5375",30,160,0.116110727945997,0.000703881597551599,"600266.ss"
"5361",30,146,0.000788147584016559,0.000972840112639529,"600267.ss"
"44053",25,30,0.0287153753138909,4.13753730577036e-08,"600268.ss"
"44054",25,30,0.721697617532321,9.58986684677314e-06,"600269.ss"
"3893",22,34,0.0906588073031356,2.85971909912172e-09,"600270.ss"
"571",1,62,0.00621694865620825,0.000304104763872813,"600271.ss"
"615",4,41,0.454025380007726,8.16699012866046e-05,"600272.ss"
"525012",30,35,0.529569660441805,0.0673777727009181,"600273.ss"
"47467",27,32,0.401279578902048,1.42053681996747e-08,"600275.ss"
"5085",29,36,0.610256310156226,0.000251477146375767,"600276.ss"
"5253",30,38,5.11153207955884e-13,0.016886759154871,"600277.ss"
"1245",7,101,0.983231881164846,2.78387844423393e-06,"600278.ss"
"5275",30,60,0.000972073163400243,0.0695328466578636,"600279.ss"
"50837",29,34,0.0750275176343904,5.76178213265101e-05,"600280.ss"
"11564",7,12,9.23152390086557e-08,0.0314771400634804,"600281.ss"
"5281",30,66,0.000372697854554532,0.0180806531995149,"600282.ss"
"4240",24,36,0.769557266635723,6.25741660887328e-05,"600283.ss"
"47492",27,35,0.00416210899967317,5.01464480522143e-05,"600284.ss"
"491510",28,33,0,0.00572680707869664,"600285.ss"
"4579",26,34,1.01319196108562e-05,0.00443766308821586,"600287.ss"
"13441",7,200,0.226441004614117,0.00026673231982582,"600288.ss"
"4298",24,94,0.240095654707771,2.72722790732803e-05,"600289.ss"
"22752",13,18,0.713535207069371,0.000491121945276735,"600290.ss"
"5329",30,114,9.065642519e-26,0.00102009941751446,"600291.ss"
"42333",24,29,0.0690627606845133,0.00327662395084161,"600292.ss"
"45763",26,31,7.1532331471568e-09,2.88516971897121e-10,"600293.ss"
"44055",25,30,0.496913168900703,0.00256281855383038,"600295.ss"
"47468",27,32,7.01230185029544e-11,2.67586937793515e-06,"600297.ss"
"45764",26,31,0.00533406313141915,0.000259451346572707,"600298.ss"
"641",1,69,0.826239777770506,3.65807544519521e-06,"600299.ss"
"42334",24,29,0.117210784765988,1.89288573023604e-06,"600300.ss"
"52512",30,36,0.237912860174186,5.38129605859239e-07,"600301.ss"
"42335",24,29,0.405506355075389,0.00420806028617471,"600302.ss"
"5309",30,94,7.34349239696556e-09,4.22649320051301e-07,"600303.ss"
"44056",25,30,2.71759834224987e-05,8.59256984646691e-05,"600305.ss"
"2054",11,164,5.29490907165536e-08,7.01881407645228e-07,"600306.ss"
"19062",11,16,0.0116894026376727,0.000849191608894741,"600307.ss"
"5285",30,70,0.0365050141773609,0.000148576339951464,"600308.ss"
"30011",17,22,2.61279886615284e-11,0.00428249863155007,"600309.ss"
"2821",16,21,0.517538499706967,0.00569193596524035,"600310.ss"
"15",1,20,0.000198111382683663,0.00317356595466639,"600311.ss"
"153",1,158,0.0681093262091483,0.000443259297984218,"600312.ss"
"491511",28,33,0.681771922996767,7.24624198343812e-08,"600313.ss"
"4720",26,175,0.0181843455540193,0.00915154940056278,"600315.ss"
"49161",28,34,0.449048500839377,6.44840033934091e-07,"600316.ss"
"50838",29,34,0.688452170103426,5.47054644983799e-12,"600317.ss"
"52601",30,45,2.07248320431691e-07,0.000414108889044916,"600318.ss"
"582",3,200,0.553348472701753,0.000593113308823348,"600319.ss"
"583",4,9,0.948307694276571,0.00202395832464837,"600320.ss"
"4748",27,34,0.0610253306831598,6.77357060055777e-05,"600321.ss"
"50839",29,34,2.01261229904048e-12,0.000243180984195554,"600322.ss"
"45765",26,31,0.208198200237501,5.46609255984165e-05,"600323.ss"
"31801",18,23,4.44089209850063e-16,4.42794216072775e-05,"600325.ss"
"3896",22,37,0.0837712989524775,5.31922441777446e-12,"600326.ss"
"4038",22,179,0.000376405748793143,0.00512022881706633,"600327.ss"
"491512",28,33,0.00352402438093158,2.11692083112238e-08,"600328.ss"
"13442",7,200,0.822369619849543,3.18886776273244e-08,"600329.ss"
"5082",28,200,0.0271682969574628,0.00447784789190802,"600330.ss"
"139",1,144,2.65867028827518e-06,5.69067223110913e-08,"600331.ss"
"45766",26,31,0.00915679083864127,0.000716383811759753,"600332.ss"
"541513",30,200,0.65754572446163,4.50897339052228e-05,"600333.ss"
"5306",30,91,3.15357246904542e-07,0.000203138780573121,"600335.ss"
"4408",25,33,0.525912593492717,4.18791090898043e-05,"600336.ss"
"5366",30,151,0.00106453589562634,0.000442538598136132,"600337.ss"
"51",1,10,1.83372597946952e-05,0.00311266506338436,"600338.ss"
"195",1,200,0.0865476954231691,0.000452119935846504,"600339.ss"
"15331",9,14,0.000121103117114595,9.54673479463342e-08,"600340.ss"
"4070",23,38,0.214025104197207,2.24725400557191e-09,"600343.ss"
"3863",21,178,0.0010053399546555,9.26768367335102e-07,"600345.ss"
"4519",25,144,0.264885818240946,5.90729796344753e-08,"600346.ss"
"425",3,43,5.09703846264769e-09,3.56292391187142e-06,"600348.ss"
"47472",27,33,0.010584384279795,2.54688000522306e-06,"600350.ss"
"4404",24,200,0.505609987856818,0.00123913671868387,"600351.ss"
"28211",16,21,2.40867147908392e-12,0.0495837249565285,"600352.ss"
"42336",24,29,0.252167853085354,0.000729051131019765,"600353.ss"
"508310",29,34,9.35406356226132e-05,0.000931973334957595,"600354.ss"
"4195",23,163,0.473970987629359,1.4766093627584e-05,"600355.ss"
"47493",27,35,0.0071820332745017,0.00200957197266736,"600356.ss"
"1465",8,133,0.0147933929665841,0.000149722022955947,"600358.ss"
"47469",27,32,0.00513915500667195,0.00993534397995471,"600359.ss"
"914",5,149,0.0179067660210001,0.17394308402138,"600360.ss"
"2833",16,33,0.845398356458013,0.0496642446966344,"600361.ss"
"53331",30,118,3.74814803623635e-06,0.00438638563230607,"600362.ss"
"2764",15,144,2.76021983538699e-08,1.03506516580105e-07,"600363.ss"
"474610",27,32,0.00137476991744956,0.0830139128131395,"600365.ss"
"4914",27,200,0.436895852009011,0.0022272911235165,"600366.ss"
"508311",29,34,2.73863378283945e-05,0.000194689803592845,"600367.ss"
"47494",27,35,0.0011458460633292,7.77167058879724e-09,"600368.ss"
"978",6,23,1.79047887627348e-11,2.83417133577003e-09,"600369.ss"
"2089",11,199,9.84240236312825e-07,8.83565583885323e-05,"600370.ss"
"47452",26,200,0.000116881354373358,0.00018396680232498,"600371.ss"
"4677",26,132,0.92418615161393,0.0335074216055386,"600372.ss"
"44057",25,30,2.61150968541661e-14,0.000447601924780761,"600373.ss"
"5396",30,181,0.0297075634699509,0.00931191517995755,"600375.ss"
"52822",30,67,0.00231366505310859,0.00181393754462918,"600376.ss"
"101",1,106,0.733616474822268,0.0015409632842871,"600377.ss"
"3546",20,36,0.466141542680878,2.74487769875534e-07,"600378.ss"
"3247",18,90,4.64482167255756e-07,3.3900672250141e-06,"600379.ss"
"132",1,18,0.680893344581636,7.26611853570691e-07,"600380.ss"
"52611",30,46,0.187431172139352,0.0427852473170185,"600381.ss"
"4412",25,37,6.78537226406206e-11,5.63886372739394e-15,"600382.ss"
"3060",17,81,0.717937929734082,1.14752757892292e-08,"600383.ss"
"326",1,6,3.60928786543867e-09,0.000317113798668462,"600385.ss"
"525013",30,35,0.927777343603525,1.36380584769618e-05,"600386.ss"
"22753",13,18,7.09498071929782e-09,8.92197964196523e-05,"600387.ss"
"5254",30,39,1.17823019474272e-06,0.00062975013081723,"600388.ss"
"4406",25,31,0.674505230680046,0.000183948033555685,"600389.ss"
"4409",25,34,0.0260573375111737,2.26920664620821e-07,"600390.ss"
"4241",24,37,0.0742904401976963,0.00647008141607763,"600391.ss"
"4775",27,61,0.000220630592048021,6.76597781469984e-07,"600392.ss"
"17201",10,15,1.46119116806176e-10,0.000136938751496995,"600393.ss"
"541514",30,200,0.426988007225464,6.35790010876016e-05,"600395.ss"
"491513",28,33,0.532336969544092,0.00051103405078026,"600396.ss"
"41341",23,102,0.0226443516662465,0.00110212307214532,"600397.ss"
"5086",29,37,0.31360619777544,6.3289760935849e-06,"600398.ss"
"2280",13,23,3.42785058019994e-40,0.000970017093970915,"600399.ss"
"3909",22,50,0.000600354794521061,0.000950933235861744,"600400.ss"
"5384",30,169,1.49833733335396e-06,0.00433363829889936,"600401.ss"
"40604",23,28,0.0100041597004883,2.14546191715254e-07,"600403.ss"
"44081",25,33,0.0748368254896554,2.52422748488599e-07,"600405.ss"
"47541",27,40,4.91554717241272e-06,4.11877774928765e-08,"600406.ss"
"5255",30,40,2.81073058161496e-08,0.00510476986519181,"600408.ss"
"474611",27,32,9.7086285101966e-05,8.06846681489511e-06,"600409.ss"
"37111",21,26,6.82276821850095e-12,0.0498890986386444,"600410.ss"
"22801",13,23,0.00619961107098255,0.000682684092358659,"600415.ss"
"20915",12,17,2.57754804226009e-07,1.41906001596219e-07,"600416.ss"
"474612",27,32,0.229603397225966,0.000442764701664515,"600418.ss"
"966",6,11,0.0223227084429964,0.00189006241278662,"600419.ss"
"42337",24,29,0.211538445919319,0.0122838203528681,"600420.ss"
"4286",24,82,0.0645335203200001,0.000652819490941141,"600421.ss"
"3892",22,33,5.06221975491228e-22,0.00025921929956852,"600422.ss"
"3",1,8,0.0268191353752696,0.00125980674113545,"600423.ss"
"356",1,6,0.01078371359357,0.00611886673447207,"600425.ss"
"285",2,96,0.054487282304561,0.0562390055271099,"600426.ss"
"1349",8,17,1.40158701074414e-10,2.48549461390016e-06,"600428.ss"
"525014",30,35,0.679964111359145,3.4969615922655e-10,"600429.ss"
"5335",30,120,7.82151317643992e-17,0.0016586142930043,"600432.ss"
"525015",30,35,4.31709680031034e-05,5.29217586691223e-06,"600433.ss"
"4069",23,37,0.189855045027548,1.92056513362685e-06,"600435.ss"
"4407",25,32,8.77580674796263e-10,0.0314611739335483,"600436.ss"
"525016",30,35,2.25064534097037e-08,6.50538744215106e-06,"600438.ss"
"5277",30,62,0.20611509624144,0.00248025441428286,"600439.ss"
"3710",20,200,0.0143362044172719,1.26393753942753e-07,"600444.ss"
"5258",30,43,0.595404782662417,0.000859598980335903,"600446.ss"
"4131",23,99,9.38978635792915e-05,0.0070160709754372,"600448.ss"
"35342",19,200,0.00107912550324007,5.73922016607799e-07,"600449.ss"
"491514",28,33,0.401375989792598,9.82398502336109e-06,"600452.ss"
"28331",16,33,2.62216130186843e-06,0.000264814978013541,"600455.ss"
"1576",9,57,0.172810632684259,1.24930158790876e-10,"600456.ss"
"37101",20,200,0.535327919316401,0.000153931953327303,"600458.ss"
"696",4,122,0.352525655933508,0.000519374851153465,"600459.ss"
"44058",25,30,8.02303458733721e-09,5.24715492243849e-07,"600460.ss"
"52612",30,46,0.72659822272437,7.82952841846598e-05,"600461.ss"
"2640",15,20,7.76736406394469e-19,0.0324560538150426,"600462.ss"
"474613",27,32,4.56760856624668e-06,0.000553662469283407,"600463.ss"
"33582",19,24,0.369947861315899,0.000996924906015085,"600466.ss"
"42338",24,29,0.00516644929220022,4.84213478016106e-09,"600467.ss"
"45767",26,31,0.00425656352586924,4.57291869784194e-05,"600468.ss"
"508312",29,34,4.05269635046501e-05,0.000541200032222604,"600469.ss"
"3179",17,200,0.0209198827992258,5.28402198380969e-08,"600470.ss"
"42339",24,29,0.0141780419622068,6.96166143266375e-07,"600475.ss"
"201",2,12,0.599598599722813,0.00657249724392909,"600476.ss"
"1370",8,38,0.00110845384701577,0.00774809625333868,"600477.ss"
"396",3,14,0.0690412958664321,6.31747899863379e-05,"600478.ss"
"15332",9,14,0.00215583234134153,0.0177953413869365,"600479.ss"
"508313",29,34,0.259913206677554,0.00126551160822639,"600480.ss"
"474614",27,32,1.62914795093902e-07,2.18897124980812e-05,"600481.ss"
"157",1,162,1.09797955252208e-06,1.00132753361122e-06,"600482.ss"
"3885",21,200,3.00320906744135e-06,0.000643062523318003,"600483.ss"
"393",1,6,1.73457047311922e-08,0.00293584315980285,"600485.ss"
"423310",24,29,0.58307378146534,0.00499989447916213,"600486.ss"
"13453",8,13,0.000855780432056141,0.00150905938505853,"600487.ss"
"3720",21,35,0.0631468494985266,0.00250003063814347,"600488.ss"
"3971",1,6,0.495460319247997,7.92640156313664e-05,"600489.ss"
"4893",27,179,0.0294205345016012,0.00064621935872594,"600490.ss"
"491515",28,33,3.28210951305863e-07,0.0172735769785121,"600491.ss"
"3016",17,37,0.00154046883680126,1.0452138468527e-07,"600493.ss"
"40605",23,28,0.000134955565849193,6.07801897908141e-05,"600495.ss"
"541515",30,200,0.00373625186144776,0.0217393482931607,"600496.ss"
"423311",24,29,0.307170836514418,0.000993811088706725,"600497.ss"
"134",1,139,0.508429667443613,1.41613251699096e-06,"600498.ss"
"5410",30,195,0.740589952772304,0.000319211087280839,"600499.ss"
"1559",9,40,0.0571217699025395,0.000111721659078434,"600500.ss"
"673",4,99,0.000571556277040249,0.00318045022953838,"600501.ss"
"389",2,200,0.711383114539026,0.000733051537400625,"600502.ss"
"508314",29,34,1.58667902132661e-16,0.000740128901754043,"600503.ss"
"44059",25,30,0.245530075160725,7.99865985753885e-08,"600505.ss"
"47473",27,33,0.842589345771528,3.59200747678619e-07,"600506.ss"
"474615",27,32,0.95177151047965,0.00491971758757074,"600507.ss"
"121",1,17,0.734805900126121,0.00158956155720029,"600508.ss"
"114",1,119,0.522184141905062,0.0104062994162654,"600509.ss"
"1554",9,35,0.178648200266001,0.000262733604987481,"600510.ss"
"11565",7,12,0.0315680788942552,0.00572068312395292,"600511.ss"
"38851",21,200,0.21413549992318,6.66887009207633e-08,"600512.ss"
"418",1,6,0.0582737057073688,0.0137605638644952,"600513.ss"
"47495",27,35,1.47155621021966e-11,0.00222624403028443,"600515.ss"
"19052",10,200,0.915410655787458,0.00208249739452644,"600516.ss"
"421",1,6,0.000770740193773558,0.0499159314324223,"600517.ss"
"35343",19,200,0.275928734329814,0.0420887873990252,"600518.ss"
"1908",11,18,2.75917127514624e-05,1.85651295658635e-05,"600519.ss"
"53471",30,132,0.0124842263674181,8.10084985403548e-09,"600520.ss"
"31",1,8,0.00156175022472471,0.00567316818702251,"600521.ss"
"45768",26,31,0.0764932156516169,1.82518158718626e-08,"600522.ss"
"1366",8,34,0.251855212621801,2.28527389823007e-05,"600523.ss"
"9",1,14,3.88244995009408e-05,4.85905356151957e-08,"600525.ss"
"53571",30,142,0.00445924081324689,0.155466051876242,"600526.ss"
"20916",12,17,2.48972861918255e-06,3.88754417043103e-08,"600527.ss"
"52841",30,69,0.616973046018284,2.40034210772478e-06,"600528.ss"
"38931",22,34,0.279089875430622,0.00256003983018295,"600529.ss"
"52651",30,50,0.0973762815778806,0.114379382603258,"600530.ss"
"37112",21,26,4.39774375778332e-05,0.00709198828643411,"600531.ss"
"45769",26,31,0.649947409063284,1.46545731163722e-08,"600532.ss"
"53341",30,119,0.168708067894639,0.000889483670430644,"600533.ss"
"457610",26,31,7.08043244870337e-08,0.00338094188633612,"600535.ss"
"24",1,7,0.265244520416498,6.08644004888851e-06,"600536.ss"
"3368",19,34,3.17438405428305e-05,0.0254113070871925,"600537.ss"
"508315",29,34,0.0385947512630767,5.65949915784064e-07,"600538.ss"
"38852",21,200,7.79301028719161e-06,3.59526519955801e-06,"600539.ss"
"49162",28,34,2.49670176621919e-05,0.000155615223872096,"600540.ss"
"541516",30,200,0.00158114384443198,0.000221438801125192,"600543.ss"
"508316",29,34,5.8318461171325e-11,5.58840510303979e-05,"600545.ss"
"52711",30,56,3.77024757611304e-05,1.89428514511796e-05,"600546.ss"
"133",1,18,2.38631461738293e-16,8.54277494488424e-06,"600547.ss"
"5252",30,37,0.000418868956869156,0.000487186943821794,"600548.ss"
"47474",27,33,0.00043324907093778,5.45423942598404e-05,"600549.ss"
"474616",27,32,0.768398410903961,6.37378595837234e-07,"600550.ss"
"474617",27,32,0.0837020701916913,9.56969094574011e-12,"600551.ss"
"5350",30,135,1.80687144384109e-05,2.58168507389104e-05,"600552.ss"
"5279",30,64,0.100521892160176,0.000650457667676371,"600555.ss"
"541517",30,200,0.00056566151164792,2.76412930496453e-05,"600556.ss"
"457611",26,31,4.47667663605897e-06,0.0554767215529761,"600557.ss"
"38862",22,27,1.99355572448868e-13,0.0125652669296942,"600558.ss"
"11571",7,13,3.20728513880653e-05,0.000778754144248289,"600559.ss"
"4523",25,148,0.0168364255740474,7.25503401381029e-05,"600560.ss"
"2282",13,25,0.0895470660828916,0.00113542435174979,"600561.ss"
"718",4,144,0.000154974615604875,3.66794744870849e-07,"600562.ss"
"525017",30,35,0.621375904166349,0.00141082565199189,"600563.ss"
"457612",26,31,1.26655622627328e-07,0.000153976668393065,"600565.ss"
"491516",28,33,0.000627406677647269,0.00146926275097207,"600566.ss"
"37161",21,31,0.0150850730984691,6.19038246229491e-10,"600567.ss"
"3920",22,61,0.121290444616431,0.00186535585600977,"600568.ss"
"20917",12,17,0.660886354321501,0.0590455628835715,"600569.ss"
"52",1,57,0.288973025071583,0.00168229487208695,"600570.ss"
"467",1,6,3.63092916925587e-05,0.00695630695063442,"600571.ss"
"28212",16,21,3.76489950326686e-11,0.013305795346057,"600572.ss"
"1532",8,200,0.00508410224615205,7.64189831559933e-10,"600573.ss"
"20918",12,17,4.68013111801066e-22,0.114841706185425,"600575.ss"
"471",1,6,8.29684489931581e-17,0.0224728108236153,"600576.ss"
"28213",16,21,1.66027691494152e-17,0.00488551824956911,"600577.ss"
"5316",30,101,0.0334949216956775,0.00815024291000975,"600578.ss"
"1270",7,126,0.00163825947406998,0.000468891403944939,"600579.ss"
"508317",29,34,0.444287938574093,0.000766593937917657,"600580.ss"
"26401",15,20,0.00137876375330917,0.0636778581353075,"600581.ss"
"52823",30,67,0.0164905922392439,0.0237059032065888,"600582.ss"
"197",2,8,5.84768729331642e-05,0.0504901965449981,"600583.ss"
"5831",4,9,0.00102430092415279,7.89627577744543e-05,"600584.ss"
"2138",12,64,0.0305342314684443,0.00125449140033081,"600585.ss"
"5273",30,58,1.18653825241593e-06,0.000139836094236023,"600586.ss"
"30",1,35,0.00262810768564753,3.07811865041993e-05,"600587.ss"
"1804",10,99,0.168101916136438,0.177349782428616,"600588.ss"
"7752",5,10,0.185991320469598,0.00163662600626241,"600589.ss"
"485",1,6,0.0146101088225817,0.0193564616683877,"600590.ss"
"33681",19,34,0.221521154593163,2.74866242435618e-05,"600592.ss"
"26391",14,200,2.55910661595046e-06,0.000309789054842404,"600593.ss"
"5408",30,193,3.27606461968029e-06,0.00294117074851095,"600594.ss"
"7",1,12,2.78865012859342e-07,1.28839420269951e-09,"600595.ss"
"9661",6,11,0.00244278178382843,0.00053418028670202,"600596.ss"
"3190",18,33,0.035571214250965,7.31493011555468e-07,"600597.ss"
"491517",28,33,0.188529474254282,7.22612157032209e-10,"600598.ss"
"11572",7,13,0.0245933508672314,5.7982586288892e-07,"600599.ss"
"24583",14,19,0.00465980547627333,0.00547227260676142,"600600.ss"
"4075",23,43,0.980851051406575,0.0436113976034885,"600601.ss"
"28214",16,21,0.230700279305232,8.33199999898767e-07,"600602.ss"
"19063",11,16,6.60204484885281e-21,0.0820152911893082,"600603.ss"
"38863",22,27,0,0.00981764417818269,"600604.ss"
"15591",9,40,0.228482753306845,0.000191752864300721,"600605.ss"
"13454",8,13,9.20156860734372e-101,0.0538132027519936,"600606.ss"
"339",2,150,0.0581186462505495,0.00741823601829861,"600608.ss"
"40606",23,28,0,0.000188262881505719,"600609.ss"
"4234",24,30,0,0.000140394306799181,"600610.ss"
"870",5,105,0,0.000709665459031425,"600611.ss"
"3535",20,25,8.88178419700125e-16,0.105599218842284,"600612.ss"
"3182",18,25,0,0.0305918222778149,"600613.ss"
"1199",7,55,3.37243282189092e-08,0.000457154142517866,"600614.ss"
"3377",19,43,0,0.00303473336864831,"600615.ss"
"1385",8,53,0,2.5631985152957e-09,"600616.ss"
"1003",6,48,0,1.68906311956254e-08,"600617.ss"
"1771",10,66,1.36601840949879e-12,1.42112597101383e-08,"600618.ss"
"49163",28,34,5.26662158547072e-12,0.00118327584847227,"600619.ss"
"1210",7,66,4.44089209850063e-16,1.06380007822948e-09,"600620.ss"
"3735",21,50,0,6.56055211867285e-11,"600621.ss"
"2544",14,105,0,2.45405066533142e-09,"600622.ss"
"1376",8,44,0,5.68851706379133e-07,"600623.ss"
"5188",29,139,0.15572025541397,2.79464549868656e-16,"600624.ss"
"1089",6,134,0.726392098944928,1.22532094351714e-05,"600626.ss"
"40607",23,28,0,0.00317765592108174,"600628.ss"
"38932",22,34,0.000120386131378103,6.53127790623922e-09,"600629.ss"
"37102",20,200,3.90116838616332e-07,8.82691567103697e-07,"600630.ss"
"4322",24,118,0.217211972906399,0.0219727660336126,"600633.ss"
"523",1,6,0.273397544679415,0.00105438610849789,"600634.ss"
"13443",7,200,0.169843227094961,0.000511918495311545,"600635.ss"
"440510",25,30,5.20366416258966e-05,0.0462929136436017,"600636.ss"
"526",1,6,5.04161112627335e-17,0.00063170532407532,"600637.ss"
"525018",30,35,0.0193530001749095,0.00424454382729275,"600638.ss"
"1665",9,146,0.209752404479641,0.00121253243681913,"600639.ss"
"508318",29,34,0.20656285783032,4.25501281293505e-06,"600640.ss"
"530",1,6,0.214018335011892,0.0131360050301744,"600641.ss"
"30001",16,200,0.0431658676056123,0.00794867193913707,"600642.ss"
"423312",24,29,0.0704900620859221,0.000420669087537736,"600643.ss"
"20919",12,17,3.6252923712053e-05,0.000311884035566827,"600644.ss"
"2827",16,27,0.0165642297400472,7.40198812032904e-06,"600645.ss"
"7742",4,200,0.0565497166102847,1.07483098047123e-07,"600647.ss"
"3998",22,139,1.78822191935893e-08,0.000119265933363353,"600648.ss"
"4575",25,200,0.215467705033546,0.0105285753020304,"600649.ss"
"4155",23,123,0.000540335681053995,0.000378899531774709,"600650.ss"
"816",5,51,1.27367025641838e-05,7.49039578774681e-08,"600651.ss"
"541518",30,200,4.78758056659046e-07,0.0102457311555608,"600652.ss"
"5821",3,200,0.0363583480771693,0.00304352259542702,"600653.ss"
"5257",30,42,0.572472701695273,0.000517986032485087,"600654.ss"
"818",5,53,0,9.28427365415706e-08,"600655.ss"
"53291",30,114,0.0013529129954073,0.0621472078268934,"600657.ss"
"9651",5,200,0.166089301331867,5.72974008484918e-08,"600658.ss"
"60",1,65,6.13109707501588e-07,0.0002856596627036,"600660.ss"
"4201",23,169,2.79573648145277e-06,1.64181390871073e-08,"600661.ss"
"733",4,159,0.0808723652378117,2.3973179955313e-05,"600662.ss"
"3367",19,33,7.7057722716394e-14,1.90385645882745e-06,"600663.ss"
"40608",23,28,0.00563179559090753,7.59619497235537e-05,"600664.ss"
"551",1,6,0.00522875614646436,0.0174050707971885,"600665.ss"
"2618",14,179,2.18923116611923e-12,2.91257336620297e-06,"600666.ss"
"4637",26,92,6.86848550323521e-08,0.000249122855640408,"600667.ss"
"42371",24,33,0.73763301249907,8.38457610326204e-10,"600668.ss"
"5256",30,41,3.39104317403752e-05,7.64751045199599e-07,"600671.ss"
"47481",27,34,0.966408504068866,7.16372559058119e-05,"600673.ss"
"47496",27,35,0.00015489542633329,3.43467306953296e-07,"600674.ss"
"15333",9,14,0.000109568545796801,0.000187774361157205,"600675.ss"
"7743",4,200,0.00207958498623237,2.77902086684852e-06,"600676.ss"
"457613",26,31,8.01246058376248e-12,0.000593639459538567,"600677.ss"
"1509",8,177,3.87014477367736e-05,3.92860987476811e-05,"600678.ss"
"1927",11,37,0.133418332925904,5.18523927679333e-11,"600679.ss"
"5414",30,199,1.29535858998224e-14,3.16581215598777e-07,"600680.ss"
"5346",30,131,0.805894873579737,1.04923595969401e-06,"600681.ss"
"25",1,30,0.00318289011736606,0.00156046668300033,"600682.ss"
"3985",22,126,0.000273566830478992,0.0097866578392726,"600683.ss"
"457614",26,31,0.683635347501614,0.0186715034038722,"600684.ss"
"109",1,114,2.72135859866855e-05,0.001913712685353,"600685.ss"
"1719",9,200,3.87005447900949e-09,7.62261854865894e-07,"600686.ss"
"1159",7,15,0.000499517625498491,0.000116969365851558,"600687.ss"
"7753",5,10,0.0668976802272183,6.94524126743128e-06,"600688.ss"
"31791",17,200,0.000441863677542932,2.24132528246995e-08,"600689.ss"
"1735",10,30,4.28963410801328e-07,7.41492300763891e-07,"600690.ss"
"31802",18,23,1.93577837251831e-12,0.0107045199966869,"600691.ss"
"1331",1,138,0.0346719285996459,0.000904619161121071,"600692.ss"
"15334",9,14,0.38806236837,2.17308277946246e-07,"600693.ss"
"4064",23,32,0.00572086583789496,0.0306968361290013,"600694.ss"
"1155",6,200,2.52797577905429e-05,3.97137445669061e-05,"600695.ss"
"1895",10,190,7.74143063283269e-11,9.15217411571931e-09,"600696.ss"
"15321",8,200,1.40152172930873e-09,8.99511111149168e-07,"600697.ss"
"423313",24,29,0.47895765228851,1.84138187692018e-06,"600698.ss"
"45751",25,200,3.85891992320448e-06,0.0276938681950573,"600699.ss"
"3969",22,110,1.88223262011003e-12,3.33827827432759e-10,"600701.ss"
"541519",30,200,0.152541668371092,0.00325100723857508,"600702.ss"
"3195",18,38,0.0269203839661869,0.00135067601085427,"600703.ss"
"474618",27,32,0.123088824577729,6.40849749415073e-05,"600704.ss"
"37103",20,200,0.0169846935274221,0.00357909540685035,"600705.ss"
"423314",24,29,0.4335828292708,4.868344397305e-07,"600706.ss"
"47475",27,33,0.0320984244352358,0.00510274687237748,"600707.ss"
"905",5,140,0.992596386651218,4.74417680650659e-11,"600708.ss"
"440511",25,30,0.138026701729758,0.00349344750142096,"600710.ss"
"592",1,6,0.00340667748579543,4.34310194147164e-08,"600711.ss"
"707",4,133,0.0048017599773983,0.000739370986893631,"600712.ss"
"423315",24,29,0.25288502016695,0.000218657672058474,"600713.ss"
"19053",10,200,0.0100382270694204,3.27973725264139e-05,"600714.ss"
"54",1,10,0.000392540351542134,1.07341200643513e-09,"600715.ss"
"9652",5,200,0.000484339089293185,0.000250896896257492,"600716.ss"
"52824",30,67,0.0175597856431395,1.08578592777129e-05,"600717.ss"
"4357",24,153,0.865635368461064,0.00846436520363047,"600718.ss"
"541520",30,200,0.0020105579070207,4.85350571209931e-05,"600719.ss"
"35344",19,200,0.111157901856987,8.97093873191063e-07,"600720.ss"
"440512",25,30,0.0353750005742336,1.48081529915541e-06,"600721.ss"
"5379",30,164,2.98877089599068e-06,0.020350385792074,"600722.ss"
"491518",28,33,4.37716054769111e-06,0.00414298143751598,"600723.ss"
"3891",2,200,0.000292737810949118,5.61049097579722e-07,"600724.ss"
"22754",13,18,6.51767899192084e-12,0.00136200679416083,"600725.ss"
"13444",7,200,0.0454211113587956,0.000351305554173003,"600726.ss"
"872",5,107,0.391619864641776,6.47746064595206e-05,"600727.ss"
"38864",22,27,0.00934481346405303,0.0217212914656774,"600728.ss"
"4578",26,33,0.000573801589876013,4.55826874320653e-06,"600729.ss"
"689",4,115,9.26892303258081e-07,0.000843278637433402,"600730.ss"
"9662",6,11,0.00047469786166765,0.0130494499999639,"600731.ss"
"52531",30,38,0.645580334213087,1.5998879703429e-13,"600732.ss"
"24584",14,19,0.196498155530725,1.04868165481731e-10,"600733.ss"
"5395",30,180,3.2871424581021e-09,1.44216292245822e-06,"600734.ss"
"4",1,9,4.19524778794517e-09,1.16290312861955e-05,"600735.ss"
"26402",15,20,5.31098784519735e-05,6.74768931147104e-07,"600736.ss"
"474619",27,32,0.969059854723589,0.0012368394413169,"600737.ss"
"15322",8,200,0.000733014351807416,8.94346902477701e-06,"600738.ss"
"7754",5,10,1.71460143605387e-05,0.00572128512763647,"600739.ss"
"474620",27,32,0.00032952318749091,4.03244659325872e-11,"600740.ss"
"1715",9,196,0.714875221034081,0.0052646238260685,"600741.ss"
"474621",27,32,0.551556069446194,0.00151923268214184,"600742.ss"
"541521",30,200,0.141969453602042,1.10415118001678e-05,"600743.ss"
"1951",1,200,1.14765414986074e-06,1.71763076162983e-08,"600744.ss"
"5349",30,134,3.777633335706e-17,2.15820763816929e-06,"600745.ss"
"37201",21,35,0.286714004257838,4.08075239459942e-09,"600746.ss"
"22755",13,18,0.749750550915432,0.000223257279823704,"600747.ss"
"3321",18,164,0.000199434474193879,1.91925319380461e-05,"600748.ss"
"5259",30,44,0.000285510307905357,3.15591075907805e-07,"600749.ss"
"423316",24,29,2.53305226841868e-07,0.00027077934837709,"600750.ss"
"35351",20,25,2.18384606392843e-10,6.42202099902653e-05,"600751.ss"
"53491",30,134,0.0561617207639602,0.000217050731117657,"600753.ss"
"5363",30,148,1.72781249083272e-15,8.91400187207978e-07,"600754.ss"
"390",3,8,0.0731282972535515,0.0141408936265651,"600755.ss"
"9653",5,200,0.00877646784633003,0.00154788744819346,"600756.ss"
"4854",27,140,1.07943527609131e-15,7.03171104305158e-05,"600757.ss"
"457615",26,31,1.8950348854932e-07,0.000566375941011463,"600758.ss"
"3364",19,30,0.213291803877104,1.74956679924439e-06,"600759.ss"
"49141",27,200,8.50510799692422e-10,0.0147039289045897,"600760.ss"
"209110",12,17,0.00108668292571249,0.0721018797687887,"600761.ss"
"103",1,108,8.8285661185569e-32,1.18301377057216e-05,"600763.ss"
"4236",24,32,0.00277530815990601,1.1385370900512e-10,"600764.ss"
"26",1,7,0.0354558437312774,0.00686379729962068,"600765.ss"
"15335",9,14,2.40130759721069e-09,7.12409111589741e-08,"600766.ss"
"1358",8,26,0.722272157540675,2.63167780893185e-05,"600767.ss"
"1278",7,134,0.00293312599095644,7.74296146670729e-08,"600768.ss"
"1141",6,186,0.000164048948581208,1.88871800302363e-07,"600769.ss"
"4385",24,181,1.22222135545571e-05,0.00019568189911287,"600770.ss"
"33583",19,24,0.00111265867613536,0.00163809820870284,"600771.ss"
"651",1,6,0.168241170581926,0.000597174100815417,"600773.ss"
"174",1,179,0.425005064670701,4.39184166793838e-08,"600774.ss"
"44082",25,33,0.0493222201230711,4.87809529390385e-08,"600775.ss"
"9654",5,200,0.00518980457267005,0.00561586965045764,"600776.ss"
"658",4,84,1.11202478137861e-06,1.20541794154004e-08,"600777.ss"
"2746",15,126,0.00176478828311641,0.03596119209111,"600778.ss"
"657",1,6,0.889530403550252,0.000487539096645752,"600779.ss"
"3324",18,167,0.00290513962655052,0.0560061510312143,"600780.ss"
"4061",23,29,2.55573340268711e-13,0.000407724627899949,"600781.ss"
"33584",19,24,0.0268596569549904,0.00264286545987548,"600782.ss"
"541522",30,200,2.54398531040335e-08,2.21210158529869e-07,"600783.ss"
"49142",27,200,4.87281679391506e-06,0.000879616114302218,"600784.ss"
"47476",27,33,0.00178463823007873,1.25212108833458e-05,"600785.ss"
"478",3,96,0.056436695157974,3.87634917170524e-07,"600787.ss"
"40609",23,28,0.000134013724229332,2.16282020998422e-05,"600789.ss"
"49164",28,34,0.0129477392270705,0.0167240576168768,"600790.ss"
"5302",30,87,0.00015296184846071,0.00616023173227516,"600791.ss"
"4454",25,79,0.180591173749304,4.91485040344423e-10,"600792.ss"
"22756",13,18,6.51842014586602e-06,0.110213720589395,"600793.ss"
"35345",19,200,0.113439991328399,1.77896917977983e-08,"600794.ss"
"31803",18,23,4.40585224174829e-13,0.00514455748943085,"600795.ss"
"37104",20,200,0.00793775668917511,4.44180751868834e-06,"600796.ss"
"209111",12,17,0.000742895308624346,0.000174014339151228,"600797.ss"
"525019",30,35,0.314347803444969,7.9515088140927e-08,"600798.ss"
"3517",19,183,1.72985026704016e-21,0.00388701131213009,"600800.ss"
"11",1,16,0.00102641821821374,0.00611299681822538,"600801.ss"
"30002",16,200,0.01304551351041,4.27457717996107e-06,"600802.ss"
"38853",21,200,1.13499934466855e-08,1.48653410849613e-09,"600803.ss"
"32",1,8,1.07570166706824e-09,1.11296699012481e-05,"600804.ss"
"19054",10,200,9.0682258572688e-06,6.46469784563838e-09,"600805.ss"
"52513",30,36,0.660471205994137,0.000796101609785143,"600806.ss"
"53472",30,132,0.038669921448718,0.0422616627849179,"600807.ss"
"457616",26,31,0.231854600803293,2.73297026804572e-06,"600808.ss"
"1910",11,20,0.00144369955687421,0.0160265184401502,"600809.ss"
"794",5,29,0.0372200367056383,3.24165726667075e-05,"600810.ss"
"52771",30,62,0.069127270386579,0.0184360321041601,"600811.ss"
"35346",19,200,0.196998562709444,7.76447958281952e-10,"600812.ss"
"725",4,151,0.255750193734538,1.65970916987605e-08,"600814.ss"
"6891",1,6,4.79439641826981e-06,0.0510154651626693,"600815.ss"
"457617",26,31,0.00351053978425626,0.000331819959863174,"600816.ss"
"5407",30,192,2.45864566677024e-10,0.0122322244926069,"600817.ss"
"584",4,10,0.575289404127873,0.00011002217191365,"600818.ss"
"49165",28,34,0.00419403740627611,0.000542208855852041,"600819.ss"
"440513",25,30,0.435642891919766,4.37527467862626e-05,"600820.ss"
"4301",24,97,1.3914813563722e-05,2.49515385182336e-05,"600821.ss"
"4166",23,134,0.000527566700993298,0.000198228569964958,"600822.ss"
"52591",30,44,0.000344120780882307,0.0058549669922313,"600823.ss"
"3871",21,186,0.447222069823754,0.000154195824579821,"600824.ss"
"1961",2,7,0.000455889273286658,0.000427143344161221,"600825.ss"
"564",3,182,1.36159714873048e-14,0.000374715885887936,"600826.ss"
"9655",5,200,7.34723124891929e-05,2.42828594075313e-06,"600827.ss"
"2052",11,162,3.14999608003811e-15,3.25634654498714e-08,"600828.ss"
"42372",24,33,0.000148928242089574,0.00548585964280615,"600829.ss"
"71",1,12,0.281728750146715,0.000729239792171686,"600830.ss"
"525020",30,35,0.015976171673707,2.75467852728828e-08,"600831.ss"
"4345",24,141,5.61536659794039e-05,1.35601903818157e-06,"600833.ss"
"457618",26,31,4.39810183282886e-05,0.00146875044065963,"600834.ss"
"491519",28,33,4.20852302684107e-05,0.000143898034635704,"600835.ss"
"694",4,120,0.00185131876678954,3.68480460236401e-13,"600836.ss"
"22757",13,18,1.7932088881404e-19,0.0234352798208768,"600837.ss"
"1476",8,144,0.000117381485437436,2.59020343109192e-07,"600838.ss"
"1728",10,23,0.0116596209673477,0.000243300872103871,"600839.ss"
"902",5,137,0.00445990390471795,1.84360011750793e-10,"600841.ss"
"9656",5,200,1.82367168596788e-09,1.37309029973115e-06,"600843.ss"
"406010",23,28,0.0233931015980448,3.75151120635126e-07,"600844.ss"
"474622",27,32,4.76101916548498e-17,0.013703789069098,"600845.ss"
"15323",8,200,0.0759015384754194,2.43729126959865e-15,"600846.ss"
"1039",6,84,0.00774755877547939,0.000292592812402214,"600847.ss"
